"filename", "language", "C++", "XML", "Markdown", "Makefile", "JSON", "Python", "C", "Shell Script", "comment", "blank", "total"
"c:\Users\CSS_Tim\Desktop\OOAD\CarRentalProject\Code\car.cpp", "C++", 14, 0, 0, 0, 0, 0, 0, 0, 0, 4, 18
"c:\Users\CSS_Tim\Desktop\OOAD\CarRentalProject\Code\car.h", "C++", 25, 0, 0, 0, 0, 0, 0, 0, 0, 4, 29
"c:\Users\CSS_Tim\Desktop\OOAD\CarRentalProject\Code\customer.h", "C++", 13, 0, 0, 0, 0, 0, 0, 0, 0, 3, 16
"c:\Users\CSS_Tim\Desktop\OOAD\CarRentalProject\Code\database.cpp", "C++", 278, 0, 0, 0, 0, 0, 0, 0, 20, 6, 304
"c:\Users\CSS_Tim\Desktop\OOAD\CarRentalProject\Code\database.h", "C++", 33, 0, 0, 0, 0, 0, 0, 0, 0, 5, 38
"c:\Users\CSS_Tim\Desktop\OOAD\CarRentalProject\Code\demo.ui", "XML", 0, 45, 0, 0, 0, 0, 0, 0, 0, 1, 46
"c:\Users\CSS_Tim\Desktop\OOAD\CarRentalProject\Code\main.cpp", "C++", 13, 0, 0, 0, 0, 0, 0, 0, 0, 7, 20
"c:\Users\CSS_Tim\Desktop\OOAD\CarRentalProject\Code\mainwindow.cpp", "C++", 516, 0, 0, 0, 0, 0, 0, 0, 50, 84, 650
"c:\Users\CSS_Tim\Desktop\OOAD\CarRentalProject\Code\mainwindow.h", "C++", 90, 0, 0, 0, 0, 0, 0, 0, 0, 47, 137
"c:\Users\CSS_Tim\Desktop\OOAD\CarRentalProject\Code\mainwindow.ui", "XML", 0, 1972, 0, 0, 0, 0, 0, 0, 0, 1, 1973
"c:\Users\CSS_Tim\Desktop\OOAD\CarRentalProject\Code\order.cpp", "C++", 14, 0, 0, 0, 0, 0, 0, 0, 0, 7, 21
"c:\Users\CSS_Tim\Desktop\OOAD\CarRentalProject\Code\order.h", "C++", 24, 0, 0, 0, 0, 0, 0, 0, 0, 5, 29
"c:\Users\CSS_Tim\Desktop\OOAD\CarRentalProject\Code\person.cpp", "C++", 8, 0, 0, 0, 0, 0, 0, 0, 0, 3, 11
"c:\Users\CSS_Tim\Desktop\OOAD\CarRentalProject\Code\person.h", "C++", 21, 0, 0, 0, 0, 0, 0, 0, 0, 5, 26
"c:\Users\CSS_Tim\Desktop\OOAD\CarRentalProject\Code\rental_car_system.cpp", "C++", 79, 0, 0, 0, 0, 0, 0, 0, 0, 8, 87
"c:\Users\CSS_Tim\Desktop\OOAD\CarRentalProject\Code\rental_car_system.h", "C++", 20, 0, 0, 0, 0, 0, 0, 0, 0, 5, 25
"c:\Users\CSS_Tim\Desktop\OOAD\CarRentalProject\Code\report.cpp", "C++", 5, 0, 0, 0, 0, 0, 0, 0, 0, 2, 7
"c:\Users\CSS_Tim\Desktop\OOAD\CarRentalProject\Code\report.h", "C++", 19, 0, 0, 0, 0, 0, 0, 0, 0, 6, 25
"c:\Users\CSS_Tim\Desktop\OOAD\CarRentalProject\Code\sample.cpp", "C++", 18, 0, 0, 0, 0, 0, 0, 0, 0, 6, 24
"c:\Users\CSS_Tim\Desktop\OOAD\CarRentalProject\Code\test1.cpp", "C++", 182, 0, 0, 0, 0, 0, 0, 0, 11, 32, 225
"c:\Users\CSS_Tim\Desktop\OOAD\CarRentalProject\Code\test1.h", "C++", 52, 0, 0, 0, 0, 0, 0, 0, 0, 21, 73
"c:\Users\CSS_Tim\Desktop\OOAD\CarRentalProject\Code\test1.ui", "XML", 0, 448, 0, 0, 0, 0, 0, 0, 0, 1, 449
"c:\Users\CSS_Tim\Desktop\OOAD\CarRentalProject\Code\test2.cpp", "C++", 33, 0, 0, 0, 0, 0, 0, 0, 0, 9, 42
"c:\Users\CSS_Tim\Desktop\OOAD\CarRentalProject\Code\test2.h", "C++", 26, 0, 0, 0, 0, 0, 0, 0, 0, 11, 37
"c:\Users\CSS_Tim\Desktop\OOAD\CarRentalProject\Code\test2.ui", "XML", 0, 149, 0, 0, 0, 0, 0, 0, 0, 1, 150
"c:\Users\CSS_Tim\Desktop\OOAD\CarRentalProject\Code\test3.ui", "XML", 0, 31, 0, 0, 0, 0, 0, 0, 0, 1, 32
"c:\Users\CSS_Tim\Desktop\OOAD\CarRentalProject\Code\test\FS_HW03_partII_a.sh", "Shell Script", 0, 0, 0, 0, 0, 0, 0, 11, 0, 0, 11
"c:\Users\CSS_Tim\Desktop\OOAD\CarRentalProject\Code\test\FS_HW03_partII_b.sh", "Shell Script", 0, 0, 0, 0, 0, 0, 0, 8, 0, 0, 8
"c:\Users\CSS_Tim\Desktop\OOAD\CarRentalProject\Code\test\FS_HW03_partI_a.sh", "Shell Script", 0, 0, 0, 0, 0, 0, 0, 4, 0, 0, 4
"c:\Users\CSS_Tim\Desktop\OOAD\CarRentalProject\Code\test\FS_HW03_partI_b.sh", "Shell Script", 0, 0, 0, 0, 0, 0, 0, 6, 0, 0, 6
"c:\Users\CSS_Tim\Desktop\OOAD\CarRentalProject\Code\test\FS_HW03_partI_c.sh", "Shell Script", 0, 0, 0, 0, 0, 0, 0, 4, 0, 0, 4
"c:\Users\CSS_Tim\Desktop\OOAD\CarRentalProject\Code\test\FS_HW04_a.sh", "Shell Script", 0, 0, 0, 0, 0, 0, 0, 15, 0, 1, 16
"c:\Users\CSS_Tim\Desktop\OOAD\CarRentalProject\Code\test\FS_HW04_b.sh", "Shell Script", 0, 0, 0, 0, 0, 0, 0, 19, 0, 1, 20
"c:\Users\CSS_Tim\Desktop\OOAD\CarRentalProject\Code\test\FS_partIII.sh", "Shell Script", 0, 0, 0, 0, 0, 0, 0, 21, 0, 1, 22
"c:\Users\CSS_Tim\Desktop\OOAD\CarRentalProject\Code\test\FS_partIII_a.sh", "Shell Script", 0, 0, 0, 0, 0, 0, 0, 21, 0, 1, 22
"c:\Users\CSS_Tim\Desktop\OOAD\CarRentalProject\Code\test\FS_partIII_b.sh", "Shell Script", 0, 0, 0, 0, 0, 0, 0, 7, 0, 0, 7
"c:\Users\CSS_Tim\Desktop\OOAD\CarRentalProject\Code\test\FS_partII_a.sh", "Shell Script", 0, 0, 0, 0, 0, 0, 0, 6, 0, 1, 7
"c:\Users\CSS_Tim\Desktop\OOAD\CarRentalProject\Code\test\FS_partII_b.sh", "Shell Script", 0, 0, 0, 0, 0, 0, 0, 8, 0, 1, 9
"c:\Users\CSS_Tim\Desktop\OOAD\CarRentalProject\Code\test\FS_partII_c.sh", "Shell Script", 0, 0, 0, 0, 0, 0, 0, 5, 0, 1, 6
"c:\Users\CSS_Tim\Desktop\OOAD\CarRentalProject\Code\test\FS_test1.c", "C", 0, 0, 0, 0, 0, 0, 18, 0, 0, 3, 21
"c:\Users\CSS_Tim\Desktop\OOAD\CarRentalProject\Code\test\FS_test2.c", "C", 0, 0, 0, 0, 0, 0, 19, 0, 1, 3, 23
"c:\Users\CSS_Tim\Desktop\OOAD\CarRentalProject\Code\test\FS_test3.c", "C", 0, 0, 0, 0, 0, 0, 21, 0, 0, 1, 22
"c:\Users\CSS_Tim\Desktop\OOAD\CarRentalProject\Code\test\FS_test4.c", "C", 0, 0, 0, 0, 0, 0, 21, 0, 0, 3, 24
"c:\Users\CSS_Tim\Desktop\OOAD\CarRentalProject\Code\test\Makefile", "Makefile", 0, 0, 0, 94, 0, 0, 0, 0, 103, 25, 222
"c:\Users\CSS_Tim\Desktop\OOAD\CarRentalProject\Code\test\add.c", "C", 0, 0, 0, 0, 0, 0, 9, 0, 8, 4, 21
"c:\Users\CSS_Tim\Desktop\OOAD\CarRentalProject\Code\test\consoleIO_test1.c", "C", 0, 0, 0, 0, 0, 0, 10, 0, 0, 3, 13
"c:\Users\CSS_Tim\Desktop\OOAD\CarRentalProject\Code\test\consoleIO_test2.c", "C", 0, 0, 0, 0, 0, 0, 10, 0, 0, 4, 14
"c:\Users\CSS_Tim\Desktop\OOAD\CarRentalProject\Code\test\fileIO_test1.c", "C", 0, 0, 0, 0, 0, 0, 18, 0, 0, 3, 21
"c:\Users\CSS_Tim\Desktop\OOAD\CarRentalProject\Code\test\fileIO_test2.c", "C", 0, 0, 0, 0, 0, 0, 19, 0, 1, 3, 23
"c:\Users\CSS_Tim\Desktop\OOAD\CarRentalProject\Code\test\halt.c", "C", 0, 0, 0, 0, 0, 0, 6, 0, 12, 3, 21
"c:\Users\CSS_Tim\Desktop\OOAD\CarRentalProject\Code\test\matmult.c", "C", 0, 0, 0, 0, 0, 0, 21, 0, 10, 8, 39
"c:\Users\CSS_Tim\Desktop\OOAD\CarRentalProject\Code\test\segments.c", "C", 0, 0, 0, 0, 0, 0, 17, 0, 18, 7, 42
"c:\Users\CSS_Tim\Desktop\OOAD\CarRentalProject\Code\test\shell.c", "C", 0, 0, 0, 0, 0, 0, 25, 0, 0, 11, 36
"c:\Users\CSS_Tim\Desktop\OOAD\CarRentalProject\Code\test\sort.c", "C", 0, 0, 0, 0, 0, 0, 44, 0, 14, 12, 70
"c:\Users\CSS_Tim\Desktop\OOAD\CarRentalProject\Code\test\summary.py", "Python", 0, 0, 0, 0, 0, 31, 0, 0, 0, 7, 38
"c:\Users\CSS_Tim\Desktop\OOAD\CarRentalProject\Code\test\test_case.json", "JSON", 0, 0, 0, 0, 16, 0, 0, 0, 0, 2, 18
"c:\Users\CSS_Tim\Desktop\OOAD\CarRentalProject\Code\test\test_case.py", "Python", 0, 0, 0, 0, 0, 83, 0, 0, 3, 26, 112
"c:\Users\CSS_Tim\Desktop\OOAD\CarRentalProject\Code\test_first.cpp", "C++", 137, 0, 0, 0, 0, 0, 0, 0, 9, 15, 161
"c:\Users\CSS_Tim\Desktop\OOAD\CarRentalProject\Code\unit_test.cpp", "C++", 20, 0, 0, 0, 0, 0, 0, 0, 0, 7, 27
"c:\Users\CSS_Tim\Desktop\OOAD\CarRentalProject\README.md", "Markdown", 0, 0, 1, 0, 0, 0, 0, 0, 0, 1, 2
"c:\Users\CSS_Tim\Desktop\OOAD\CarRentalProject\Test\Makefile", "Makefile", 0, 0, 0, 426, 0, 0, 0, 0, 7, 13, 446
"c:\Users\CSS_Tim\Desktop\OOAD\CarRentalProject\Test\release\moc_predefs.h", "C++", 278, 0, 0, 0, 0, 0, 0, 0, 0, 1, 279
"c:\Users\CSS_Tim\Desktop\OOAD\CarRentalProject\Test\sample.cpp", "C++", 18, 0, 0, 0, 0, 0, 0, 0, 0, 6, 24
"c:\Users\CSS_Tim\Desktop\OOAD\CarRentalProject\image.qrc", "XML", 0, 20, 0, 0, 0, 0, 0, 0, 0, 1, 21
"Total", "-", 1936, 2665, 1, 520, 16, 114, 258, 135, 267, 464, 6376